resultados,indicadores,cursos
Gestantes sin mortalidad y morbilidad evitable,Razon de Morbilidad Materna Extrema (MME),GESTANTE
Reci‚n nacidos sin mortalidad y morbilidad evitable,Razon de Mortalidad Materna,GESTANTE
Reci‚n nacidos sin mortalidad y morbilidad evitable,Porcentaje de nacidos vivos a t‚rmino con bajo peso al nacer,GESTANTE
Reci‚n nacidos sin mortalidad y morbilidad evitable,Porcentaje de nacidos vivos con bajo peso al nacer,GESTANTE
Reci‚n nacidos sin mortalidad y morbilidad evitable,Tasa de mortalidad perinatal,GESTANTE
Reci‚n nacidos sin mortalidad y morbilidad evitable,Tasa de mortalidad neonatal temprana,GESTANTE
Reci‚n nacidos sin mortalidad y morbilidad evitable,Tasa de incidencia de Hipotiroidismo Cong‚nito,GESTANTE
Reci‚n nacidos sin mortalidad y morbilidad evitable,Tasa de incidencia de sifilis cong‚nita,GESTANTE
Mujeres que toman decisiones en relacion con la planeacion de la gestacion,Proporcion de mujeres con intencion reproductiva a corto plazo que reciben atencion preconcepcional,GESTANTE
Mujeres que toman decisiones en relacion con la planeacion de la gestacion,Proporcion de mujeres con atencion preconcepcional que reciben ÿcido folico durante los 3 meses anteriores a la gestacion,GESTANTE
Mujeres que toman decisiones en relacion con la planeacion de la gestacion,Proporcion de mujeres con consulta para la valoracion integral orientacion y asesoria frente a la IVE,GESTANTE
Mujeres que toman decisiones en relacion con la planeacion de la gestacion,Proporcion de IVE solicitadas antes de la semana 15 de gestacion del total de solicitudes,GESTANTE
Mujeres que toman decisiones en relacion con la planeacion de la gestacion,Proporcion de mujeres en las que la IVE se hacen efectivas segun criterio de oportunidad (5 dias),GESTANTE
Mujeres que toman decisiones en relacion con la planeacion de la gestacion,Proporcion de IVE segun causal,GESTANTE
Mujeres que toman decisiones en relacion con la planeacion de la gestacion,Proporcion de mujeres con suministro de m‚todo anticonceptivo post IVE del total de casos de IVE atendidos,GESTANTE
Mujeres que viven su gestacion en las mejores condiciones de salud,Proporcion de gestantes con captacion temprana al control prenatal (antes semana 10),GESTANTE
Mujeres que viven su gestacion en las mejores condiciones de salud,Proporcion de gestantes con cuatro o mÿs controles prenatales,GESTANTE
Mujeres que viven su gestacion en las mejores condiciones de salud,Proporcion de gestantes de alto riesgo con control prenatal realizado por especialista,GESTANTE
Mujeres que viven su gestacion en las mejores condiciones de salud,Proporcion de gestantes con el total de paraclinicos requeridos segun edad gestacional,GESTANTE
Mujeres que viven su gestacion en las mejores condiciones de salud,Proporcion de gestantes con asesoria toma y resultado de Elisa para VIH,GESTANTE
Mujeres que viven su gestacion en las mejores condiciones de salud,Proporcion de gestantes con tamizaje para sifilis,GESTANTE
Mujeres que viven su gestacion en las mejores condiciones de salud,Proporcion de gestantes con suministro de micronutrientes,GESTANTE
Mujeres que viven su gestacion en las mejores condiciones de salud,Cobertura de gestantes con asistencia a curso de preparacion de la maternidad y la paternidad (7 sesiones),GESTANTE
Mujeres que viven su gestacion en las mejores condiciones de salud,Cobertura de gestantes con consulta de nutricion,GESTANTE
Mujeres que viven su gestacion en las mejores condiciones de salud,Proporcion de gestantes con valoracion de la salud bucal,GESTANTE
Mujeres que viven su gestacion en las mejores condiciones de salud,Proporcion de gestantes con consejeria de lactancia materna,GESTANTE
Mujeres que reciben una atencion segura y humanizada del parto,Porcentaje de partos con manejo activo del tercer periodo de parto,GESTANTE
Mujeres que reciben una atencion segura y humanizada del parto,Proporcion de cesÿreas del total de partos (vaginales mÿs cesÿreas),GESTANTE
Mujeres que reciben una atencion segura y humanizada del parto,Proporcion de cesÿreas por grupos de Robson,GESTANTE
Mujeres que reciben una atencion segura y humanizada del parto,Porcentaje de partos en los que la mujer tiene acompa¤ante (seleccionado) durante el trabajo de parto y parto del total de partos atendidos,GESTANTE
Mujeres que reciben una atencion segura y humanizada del parto,Porcentaje de partos en los que se diligencia el partograma del total de partos atendidos,GESTANTE
Mujeres en periodo de puerperio en las mejores condiciones de salud ,Porcentaje de partos con monitoria de signos vitales (cada 15 minutos) durante el puerperio inmediato,GESTANTE
Mujeres en periodo de puerperio en las mejores condiciones de salud ,Proporcion de mujeres con asesoria en anticoncepcion postparto o postaborto antes del alta,GESTANTE
Mujeres en periodo de puerperio en las mejores condiciones de salud ,Proporcion de mujeres con provision de metodo anticonceptivo postparto o postaborto antes del alta,GESTANTE
Mujeres en periodo de puerperio en las mejores condiciones de salud ,Proporcion de gestantes que reciben consulta de control del puerperio,GESTANTE
Mujeres en periodo de puerperio en las mejores condiciones de salud ,Proporcion de mujeres que son dadas de alta en el puerperio cumpliendo el tiempo establecido (parto 24 horas y cesÿrea 48horas) del total de partos,GESTANTE
Neonatos en las mejores condiciones de salud posibles,Proporcion de reci‚n nacidos que son dados de alta cumpliendo el tiempo establecido (24 horas rn sano y 48 horas para el RN con riesgo),GESTANTE
Gestantes sin mortalidad y morbilidad evitable,Razon de prevalencia de sifilis gestacional,GESTANTE
Gestantes sin mortalidad y morbilidad evitable,Proporcion de gestantes con sifilis gestacional que recibieron tratamiento al menos 4 semanas antes del parto,GESTANTE
Gestantes sin mortalidad y morbilidad evitable,Relacion Morbilidad Materna Extrema(MME) / Muerte Materna temprana (MM),GESTANTE
Gestantes sin mortalidad y morbilidad evitable,Oportunidad de referencia en los casos de MME,GESTANTE
Gestantes sin mortalidad y morbilidad evitable,Proporcion de MME con tres o mÿs criterios (casos que agrupan tres o mÿs criterios),GESTANTE
Gestantes sin mortalidad y morbilidad evitable,Relacion criterios / caso en la MME,GESTANTE
Gestantes sin mortalidad y morbilidad evitable,™ndice de mortalidad materna de los casos de MME,GESTANTE
Reci‚n nacidos que reciben una atencion neonatal segura,Proporcion de reci‚n nacidos que reciben atencion integral en sala de partos,GESTANTE
Reci‚n nacidos que reciben una atencion neonatal segura,Proporcion de reci‚n nacidos sanos con pinzamiento de cordon umbilical mayor a 1 minuto,GESTANTE
Reci‚n nacidos que reciben una atencion neonatal segura,Proporcion de reci‚n nacidos con aplicacion de vitamina K,GESTANTE
Reci‚n nacidos que reciben una atencion neonatal segura,Proporcion de reci‚n nacidos con profilaxis ocular,GESTANTE
Reci‚n nacidos que reciben una atencion neonatal segura,Cobertura de tamizaje de hipotiroidismo,GESTANTE
Reci‚n nacidos que reciben una atencion neonatal segura,Proporcion de reci‚n nacidos sanos que tienen contacto piel a piel con la madre,GESTANTE
Reci‚n nacidos que reciben una atencion neonatal segura,Cobertura de vacunacion con BCG en nacidos vivos,GESTANTE
Reci‚n nacidos que reciben una atencion neonatal segura,Cobertura de tamizaje para cardiopatia cong‚nita,GESTANTE
Reci‚n nacidos que reciben una atencion neonatal segura,Cobertura y tamizaje auditivo en el neonato,GESTANTE
Reci‚n nacidos que reciben una atencion neonatal segura,Oportunidad de referencia en casos de enfermedad neonatal,GESTANTE
Reci‚n nacidos que reciben una atencion neonatal segura,Proporcion de reci‚n nacidos con atencion para el seguimiento entre 3 y 5 dias,GESTANTE
Reci‚n nacidos que reciben una atencion neonatal segura,Proporcion de reci‚n nacidos que egresan con diligenciamiento de la historia clinica perinatal y con carn‚ de salud infantil,GESTANTE
,,
Reci‚n nacidos que reciben una atencion neonatal segura,Proporcion de reci‚n nacidos que reciben valoracion pre alta hospitalaria,GESTANTE
Reci‚n nacidos sin mortalidad y morbilidad,Proporcion de reci‚n nacidos con alteraciones del metabolismo que son remitidos,GESTANTE
Reci‚n nacidos sin mortalidad y morbilidad,Proporcion de reci‚n nacidos con alteraciones del tamizaje auditivo remitidos,GESTANTE
Reci‚n nacidos sin mortalidad y morbilidad,Proporcion de reci‚n nacidos con alteraciones del tamizaje para cardiopatia cong‚nita remitidos,GESTANTE
Reci‚n nacidos sin mortalidad y morbilidad,Proporcion de reci‚n nacidos con alteraciones del tamizaje visual remitidos,GESTANTE
Gestantes que desarrollan la capacidad de agencia para el cuidado de la salud y del reci‚n nacido,Proporcion de gestantes que conocen los signos de alarma que se presentan durante la gestacion y puerperio,GESTANTE
,,
Gestantes que desarrollan la capacidad de agencia para el cuidado de la salud y del reci‚n nacido,Porcentaje de personas en el entorno comunitario intervenido en el PIC con prÿcticas que promueven la salud materno perinatal,GESTANTE
Gestantes que desarrollan la capacidad de agencia para el cuidado de la salud y del reci‚n nacido,Organizaciones de base comunitaria redes comunitarias comunidades u otras formas organizativas en salud que implementan acciones comunitarias para la promocion de la salud materno perinatal,GESTANTE
,,
Mujeres y sus familias que desarrollan capacidades para el cuidado de la salud materno perinatal,Porcentaje de mujeres que informan haber puesto el ni¤o al seno en la primera hora de nacido,GESTANTE
Mujeres y sus familias que desarrollan capacidades para el cuidado de la salud materno perinatal,Proporcion de mujeres con capacidades para identificar signos de alarma o complicaciones en el estado de salud de sus hijos/as en el periodo neonatal,GESTANTE
,,
Personas que se desarrollan adecuadamente desde el punto de vista fisico-motor socio-emocional y cognitivo,Proporcion de ni¤as y ni¤os en primera infancia con desarrollo esperado o normal para la edad,PRIMERA INFANCIA 
Ni¤as y ni¤os alimentados exclusivamente con lactancia materna hasta los 6 meses,Proporcion de menores de 6 meses con lactancia materna exclusiva,PRIMERA INFANCIA 
Personas adultas mayores que conservan las habilidades cognitivas,Proporcion de adultos mayores que conservan sus habilidades cognitivas,VEJEZ 
Personas adultas mayores que conservan la independencia funcional,Proporcion de adultos mayores que conservan su autonomia,VEJEZ 
Personas adultas mayores que conservan la independencia funcional,Proporcion de adultos mayores que conservan su independencia funcional,VEJEZ 
Personas con adecuado estado nutricional de acuerdo a su edad,Prevalencia de anemia en personas de 6 a 59 meses,INFANCIA 
Personas con adecuado estado nutricional de acuerdo a su edad,Proporcion de personas cuidadoras con conocimientos actitudes y prÿcticas que promueven un adecuado estado nutricional en ni¤os y ni¤as,ADOLESCENCIA -JUVENTUD-ADULTEZ Y VEJEZ 
Personas con adecuado estado nutricional de acuerdo a su edad,Proporcion de personas con conocimientos actitudes y prÿcticas para promover un adecuado estado nutricional y prevenir las enfermedades relacionadas con el regimen alimentario,JUVENTUD-ADULTEZ Y VEJEZ 
,,
Personas con adecuado estado nutricional de acuerdo a su edad,Prevalencia de desnutricion aguda en menores de 5 a¤os,PRIMERA INFANCIA 
Personas con adecuado estado nutricional de acuerdo a su edad,Prevalencia de desnutricion cronica en menores de 5 a¤os,PRIMERA INFANCIA 
Personas con adecuado estado nutricional de acuerdo a su edad,Proporcion de menores de 5 a¤os con peso adecuado para la talla (Fuente RIPS),PRIMERA INFANCIA 
Personas con adecuado estado nutricional de acuerdo a su edad,Proporcion de menores de 5 a¤os con talla adecuada para la edad (Fuente RIPS),PRIMERA INFANCIA 
Personas con adecuado estado nutricional de acuerdo a su edad,Proporcion de personas de 5 a¤os y mÿs con IMC adecuado para la edad,PRIMERA INFANCIA 
Personas sin problemas y trastornos mentales,Proporcion de casos nuevos de trastornos de ansiedad,ADOLESCENCIA -JUVENTUD-ADULTEZ Y VEJEZ 
Personas sin problemas y trastornos mentales,Proporcion de casos nuevos de trastornos depresivos,ADOLESCENCIA -JUVENTUD-ADULTEZ Y VEJEZ 
Personas sin morbilidad evitable,Incidencia de meningitis tuberculosa,PRIMERA INFANCIA 
Personas sin morbilidad evitable,Incidencia de neumonia Streptococcus pneumoniae (Spn),PRIMERA INFANCIA 
Personas sin morbilidad evitable,Incidencia de difteria,PRIMERA INFANCIA 
Personas sin morbilidad evitable,Incidencia de t‚tanos,PRIMERA INFANCIA 
Personas sin morbilidad evitable,Incidencia de tosferina,PRIMERA INFANCIA 
Personas sin morbilidad evitable,Incidencia de meningitis por Haemophilus influenzae (Hi),PRIMERA INFANCIA 
Personas sin morbilidad evitable,Tasa de incidencia de hepatitis B,PRIMERA INFANCIA 
Personas sin morbilidad evitable,Incidencia de parotiditis,PRIMERA INFANCIA 
Personas sin morbilidad evitable,Incidencia de rubeola,PRIMERA INFANCIA 
Personas sin morbilidad evitable,Incidencia de sarampion,PRIMERA INFANCIA 
Personas sin morbilidad evitable,Tasa de incidencia de hepatitis A,PRIMERA INFANCIA 
Personas sin morbilidad evitable,Tasa de incidencia de varicela,PRIMERA INFANCIA 
Personas sin morbilidad evitable,Tasa de incidencia de infeccion respiratoria aguda en menores de 5 a¤os,PRIMERA INFANCIA 
Personas sin morbilidad evitable,Tasa de incidencia de enfermedad diarreica aguda en menores de 5 a¤os,PRIMERA INFANCIA 
Personas sin mortalidad evitable,Tasa ajustada de mortalidad por enfermedades inmunoprevenibles del programa ampliado de inmunizaciones (PAI),PRIMERA INFANCIA 
,,
Personas sin mortalidad evitable,Tasa de mortalidad en la ni¤ez,PRIMERA INFANCIA 
Personas sin mortalidad evitable,Tasa de mortalidad infantil,PRIMERA INFANCIA 
Personas sin mortalidad evitable,Tasa estimada de mortalidad infantil,PRIMERA INFANCIA 
Personas con adecuado estado de salud visual,Proporcion de ni¤os y ni¤as menores de 8 a¤os con ambliopia,PRIMERA INFANCIA E INFANCIA 
Personas con adecuado estado de salud visual,Proporcion de personas tamizadas con agudeza visual normal o corregida,TODOS CURSOS DE VIDA 
Personas con adecuado estado de salud auditiva y comunicativa,Proporcion de personas con adecuado estado de salud auditiva y comunicativa,PRIMER IFANCIA 
Personas con adecuado estado de salud auditiva y comunicativa,Numero de menores de 5 a¤os atendidos en los servicios de salud con diagnostico de otitis media supurativa,PRIMERA INFANCIA 
Personas con adecuado estado de salud bucal,Proporcion de personas atendidas en los servicios de salud con diagnostico de caries dental,TODOS CURSOS DE VIDA 
Personas con adecuado estado de salud bucal,Proporcion de personas atendidas en los servicios de salud con diagnostico de gingivitis y enfermedad periodontal,TODOS CURSOS DE VIDA 
Personas con adecuado estado de salud bucal,Proporcion de personas atendidas en los servicios de salud con diagnostico de fluorosis,PRIMERA INFANCIA A INFANCIA -ADOLESCENCIA 
Personas con adecuado estado de salud bucal,Proporcion de personas mayores de 18 a¤os con perdida dental por enfermedad bucodental prevenible,JUVENTUD-ADULTEZ Y VEJEZ 
Personas con adecuado estado de salud bucal,Proporcion de mujeres y hombres que deciden iniciar sus relaciones sexuales de forma autonoma,ADOLESCENCIA -JUVENTUD-ADULTEZ Y VEJEZ 
Personas que ejercen sus derechos sexuales y reproductivos,Proporcion de personas con conocimientos y prÿcticas de sus derechos sexuales y sus derechos reproductivos,ADOLESCENCIA -JUVENTUD-ADULTEZ Y VEJEZ 
Personas que ejercen sus derechos sexuales y reproductivos,Proporcion de personas que conocen m‚todos anticonceptivos,ADOLESCENCIA -JUVENTUD-ADULTEZ Y VEJEZ 
Personas que ejercen sus derechos sexuales y reproductivos,Tasa de fecundidad en mujeres de 10 a 14 a¤os,ADOLESCENCIA 
Personas que ejercen sus derechos sexuales y reproductivos,Tasa de fecundidad en mujeres de 15 a 19 a¤os,ADOLESCENCIA 
Personas que ejercen sus derechos sexuales y reproductivos,Tasa de fecundidad en mujeres de 20 a 24 a¤os,JUVENTUD 
Personas que ejercen sus derechos sexuales y reproductivos,Tasa general de fecundidad,ADOLESCENCIA -JUVENTUD-ADULTEZ 
Personas que ejercen sus derechos sexuales y reproductivos,Nivel de sensibilidad que tienen los ciudadanos frente a personas que han sido sometidas a estigmas *,TODOS CURSOS DE VIDA 
Personas con prÿcticas que favorecen el establecimiento de relaciones sanas y constructivas,Proporcion de personas que desarrollan capacidades para el establecimiento de relaciones sanas y constructivas *,TODOS CURSOS DE VIDA 
Personas con prÿcticas que favorecen el establecimiento de relaciones sanas y constructivas,Proporcion de personas que desarrollan capacidades para gestion de las emociones,TODOS CURSOS DE VIDA 
Personas con prÿcticas que favorecen el establecimiento de relaciones sanas y constructivas,Personas con habilidades sociales y emocionales para la promocion de la salud mental y convivencia*,TODOS CURSOS DE VIDA 
Personas  con habilidades sociales y emocionales para la promocion de la salud,accidentes y enfermedades relacionadas con el trabajo,INFANCIA -ADOLESCENCIA-JUVENTUD -ADULTEZ Y VEJEZ 
,,
Trabajadores con prÿcticas de cuidado de su salud en el trabajo,Proporcion de personas con capacidades para afrontar los sucesos vitales,TODOS CURSOS DE VIDA 
Personas  con capacidades para afrontar los diferentes sucesos vitales,Personas familias o comunidades que conforman o hacen parte de redes comunitarias y sociales para la promocion de la salud,TODOS CURSOS DE VIDA 
,,
Personas familias y comunidades que cuentan con redes de apoyo comunitarias y sociales para la promocion de la salud,Trabajadores informales abordados desde el PIC que se organizan o hacen parte de una red social o agremiacion,JUVENTUD -ADULTEZ Y VEJEZ 
Personas familias y comunidades que cuentan con redes de apoyo comunitarias y sociales para la promocion de la salud,Grado de disposicion de los ciudadanos a participar en redes grupos e iniciativas de apoyo,JUVENTUD -ADULTEZ Y VEJEZ 
Personas familias y comunidades que cuentan con redes de apoyo comunitarias y sociales para la promocion de la salud,Cuidadores que desarrollan prÿcticas de cuidado de su salud,ADOLESCENCIA- JUVENTUD -ADULTEZ Y VEJEZ 
Personas familia y comunidades con capacidad de agencia y prÿcticas para el cuidado de su salud,Proporcion de personas mayores de 12 a¤os que consumen tabaco *,ADOLESCENCIA- JUVENTUD -ADULTEZ Y VEJEZ 
Personas familia y comunidades con capacidad de agencia y prÿcticas para el cuidado de su salud,Proporcion de personas con capacidad de agencia para el cuidado de su salud y su desarrollo,ADOLESCENCIA- JUVENTUD -ADULTEZ Y VEJEZ 
Personas familia y comunidades con capacidad de agencia y prÿcticas para el cuidado de su salud,Proporcion de personas que desarrollan prÿcticas para el cuidado de su salud y su desarrollo,ADOLESCENCIA- JUVENTUD -ADULTEZ Y VEJEZ 
Personas familia y comunidades con capacidad de agencia y prÿcticas para el cuidado de su salud,Prevalencia de cumplir recomendaciones actividad fisica *,TODOS CURSOS DE VIDA 
Personas familia y comunidades con capacidad de agencia y prÿcticas para el cuidado de su salud,Proporcion de personas cuidadoras que identifican signos de alarma o complicaciones en el estado de salud de los ni¤os y ni¤as,ADULTEZ Y VEJEZ 
Personas cuidadoras cuidadores con practicas,Personas cuidadoras cuidadores con practicas seguras,ADULTEZ Y VEJEZ 
Personas con prÿcticas para el cuidado y proteccion de los entornos,Entornos abordados desde el PIC con condiciones fisicas sociales y ambientales que protegen y promueven la salud *,ADULTEZ Y VEJEZ 
Personas familias y comunidades que habitan laboran y estudian en entornos saludables,Organizaciones de base comunitaria redes comunitarias comunidades u otras formas organizativas en salud que implementan iniciativas comunitarias para la promocion de la salud y gestion integral del riesgo en salud,ADOLESCENCIA- JUVENTUD -ADULTEZ -VEJEZ 
Personas familias y comunidades que habitan laboran y estudian en entornos saludables,Proporcion de personas cuidadoras que conocen los derechos de los ni¤os y ni¤as y las formas de exigirlos,ADULTEZ Y VEJEZ 
Personas familias y comunidades empoderadas para la exigibilidad y ejercicio del derecho a la vida y la salud,Proporcion de personas que conocen sus derechos y las formas de exigirlos,ADOLESCENCIA-JUVENTUD ADULTEZ Y VEJEZ 
Personas familias y comunidades empoderadas para la exigibilidad y ejercicio del derecho a la vida y la salud,Proporcion de hombres con diagnostico de cÿncer de prostata segun estadio clinico,ADULTEZ Y VEJEZ 
Personas familias y comunidades empoderadas para la exigibilidad y ejercicio del derecho a la vida y la salud,Proporcion de mujeres con lesiones precÿncerosas del cuello uterino (Lesion intraepitelial escamosa de alto grado o NIC II NIC III o Carcinoma InSitu) y Adenocarcinoma endocervical in situ,ADOLESCENCIA -JUVENTUD ADULTEZ Y VEJEZ (INICIO DE VIDA SEXUAL 
,,
Personas con deteccion temprana de alteraciones y riesgos en salud,Proporcion de mujeres diagnosticadas con cÿncer de mama segun estadio clinico,ADULTEZ Y VEJEZ 
Personas con deteccion temprana de alteraciones y riesgos en salud,Proporcion de pacientes con diagnostico de cÿncer de colon y recto segun estadio clinico,ADULTEZ Y VEJEZ 
Personas que se desarrollan adecuadamente desde el punto de vista fisico- motor socio-emocional y cognitivo,Proporcion de personas con atencion integral de acuerdo al esquema definido,TODOS CURSOS DE VIDA 
,,
Personas que se desarrollan adecuadamente desde el punto de vista fisico- motor socio-emocional y cognitivo,Cobertura de personas con atencion por enfermeria medicina general o especializada de acuerdo al esquema definido,TODOS CURSOS DE VIDA 
,,
Personas que se desarrollan adecuadamente desde el punto de vista fisico- motor socio-emocional y cognitivo,Proporcion de ni¤as y ni¤os en primera infancia clasificados con riesgo o sospecha de problemas en el desarrollo con seguimiento,TODOS CURSOS DE VIDA 
,,
Personas que se desarrollan adecuadamente desde el punto de vista fisico- motor socio-emocional y cognitivo,Proporcion de personas que asisten a sesiones educativas grupales segun finalidad,TODOS CURSOS DE VIDA 
Personas que se desarrollan adecuadamente desde el punto de vista fisico- motor socio-emocional y cognitivo,Proporcion de personas cuidadoras que asisten a sesiones educativas grupales segun finalidad,TODOS CURSOS DE VIDA 
Personas que se desarrollan adecuadamente desde el punto de vista fisico- motor socio-emocional y cognitivo,Proporcion de personas que cumplen con dos ciclos educativos por momento de curso de vida,TODOS CURSOS DE VIDA 
Personas que se desarrollan adecuadamente desde el punto de vista fisico- motor socio-emocional y cognitivo,Proporcion de personas que asisten a sesiones educativas individuales segun finalidad,TODOS CURSOS DE VIDA 
Ni¤as y ni¤os alimentados exclusivamente con lactancia materna hasta,,
Personas adultas mayores que conservan,,
Personas adultas mayores que conservan la independencia funcional ,Cobertura de personas con atencion,
integral de acuerdo al esquema definido,VEJEZ ,
Personas adultas mayores que conservan la independencia funcional ,Cobertura de personas con atencion por enfermeria medicina general o,
especializada de acuerdo al esquema definido,TODOS CURSOS DE VIDA ,
Personas adultas mayores que conservan la independencia funcional ,Proporcion de adultos mayores identificados con fragilidad,VEJEZ 
Personas con adecuado estado nutricional de acuerdo a su edad,Proporcion de personas con valoracion antropom‚trica,PRIMERA -INFANCIA 
Personas con adecuado estado nutricional de acuerdo a su edad,Proporcion de ni¤os entre los 6 y 24 meses de edad con suministro de micronutrientes en polvo,PRIMERA INFANCIA 
Personas con adecuado estado nutricional de acuerdo a su edad,Proporcion de ni¤os entre 30 y 60 meses con suministro de vitamina A,PRIMERA INFANCIA 
Personas con adecuado estado nutricional de acuerdo a su edad,Proporcion de ni¤os entre 30 y 60 meses con suplementacion con sulfato ferroso,PRIMERA INFANCIA 
Personas con adecuado estado nutricional de acuerdo a su edad,Cobertura de desparasitacion antihelmintica en ni¤os de 1 a 5 a¤os,PRIMERA INFANCIA 
Personas con adecuado estado nutricional de acuerdo a su edad,Cobertura de desparasitacion,
antihelmintica en ni¤os de 5 a 14 a¤os,INFANCIA -ADOLESCENCIA ,
Personas con adecuado estado nutricional de acuerdo a su edad,Proporcion de mujeres de 10 a 17 a¤os a quienes se realizo tamizaje de hemoglobina y se detecto anemia,INFANCIA -ADOLESCENCIA 
Personas sin morbilidad evitable,Cobertura de vacunacion con BCG,PRIMERA INFANCIA 
Personas sin morbilidad evitable,Cobertura de vacunacion contra neumococo (dos dosis),PRIMERA INFANCIA 
Personas sin morbilidad evitable,Cobertura de vacunacion de la tercera dosis de pentavalente en ni¤os y ni¤as menores de un a¤o,PRIMERA INFANCIA 
Personas sin morbilidad evitable,Cobertura de vacunacion contra triple viral en ni¤os y ni¤as de 1 a¤o,PRIMERA INFANCIA 
Personas sin morbilidad evitable,Cobertura de vacunacion contra hepatitis A en ni¤os y ni¤as de 1 a¤o,PRIMERA INFANCIA 
Personas sin morbilidad evitable,Cobertura de vacunacion para varicela en ni¤os y ni¤as de 1 a¤o,PRIMERA INFANCIA 
Personas sin morbilidad evitable,Cobertura de vacunacion para refuerzo de triple viral,PRIMERA INFANCIA 
Personas sin morbilidad evitable,Proporcion de ni¤os y ni¤as con esquema completo de vacunacion,PRIMERA INFANCIA 
Personas con adecuado estado de salud visual,Proporcion de personas con tamizaje de agudeza visual,TODOS CURSOS DE VIDA 
Personas con adecuado estado de salud auditiva y comunicativa,Proporcion de personas con tamizaje auditivo con instrumento VALE,PRIMERA INFANCIA 
Personas con adecuado estado de salud auditiva y comunicativa,Proporcion de ni¤os con riesgo otologico o auditivo identificado a quienes se les realiza manejo segun lo establecido en la RIAS de grupo de riesgo para las enfermedades del oido alteraciones de la audicion y la,
comunicacion,PRIMERA INFANCIA ,
Personas con adecuado estado de salud bucal,Cobertura de personas con valoracion de la salud bucal de acuerdo al esquema definido,TODOS CURSOS DE VIDA 
Personas con adecuado estado de salud bucal,Cobertura de aplicacion semestral de fluor (barniz),PRIMERA INFANCIA 
Personas con adecuado estado de salud bucal,Cobertura de control de placa bacteriana,PRIMERA INFANCIA 
Personas con adecuado estado de salud bucal,Proporcion de personas a quienes se realiza detartraje supragingival,PRIMERA INFANCIA 
Personas con adecuado estado de salud bucal,Proporcion de personas a quienes se aplica sellantes de fotocurado,PRIMERA INFANCIA 
Personas que ejercen sus derechos sexuales y reproductivos,Proporcion de personas con asesoria en anticoncepcion,PRIMERA INFANCIA 
Personas que ejercen sus derechos sexuales y reproductivos,Proporcion de personas atendidas en los servicios de salud con suministro de anticonceptivos por tipo de m‚todo,PRIMERA INFANCIA 
Personas familias y comunidades con,,
tamizacion para el cÿncer de cuello uterino y reclaman el resultado,ADOLESCENCIA-JUVENTUD ADULTEZ Y VEJEZ ,
Personas familias y comunidades empoderadas para la exigibilidad y ejercicio del derecho a la vida y la salud,Proporcion de personas que conocen sus derechos y las formas de exigirlos,TODOS CURSOS DE VIDA 
Personas familias y comunidades empoderadas para la exigibilidad y ejercicio del derecho a la vida y la salud,Proporcion de padres y cuidadores que conocen los derechos de los ni¤os y ni¤as y las formas de exigirlos,TODOS CURSOS DE VIDA 
Personas con deteccion temprana de alteraciones y riesgos en salud,Proporcion de mujeres entre 25 y 65 a¤os tamizadas para cÿncer de cuello uterino con cualquier prueba de tamizacion,JUVENTUD  ADULTEZ Y VEJEZ 
Personas con deteccion temprana de alteraciones y riesgos en salud,Proporcion de mujeres con tamizaje de cÿncer de cuello uterino (pruebas ADN-VPH) segun esquema,ADULTEZ
Personas con deteccion temprana de alteraciones y riesgos en salud,Proporcion de mujeres de 30 a 65 a¤os con resultados de la prueba,
ADN-VPH positiva a quienes se les realizo citologia de triage,ADULTEZ Y VEJEZ,
Personas con deteccion temprana de alteraciones y riesgos en salud,Proporcion de mujeres de 30 a 50 a¤os residentes en ÿreas dispersas tamizadas con t‚cnicas de inspeccion visual en los ultimos tres a¤os,ADULTEZ 
Personas con deteccion temprana de alteraciones y riesgos en salud,Proporcion de mujeres con t‚cnicas de inspeccion visual positiva a quienes se realiza colposcopia y/o,
biopsia,ADULTEZ Y VEJEZ ,
Personas con deteccion temprana de alteraciones y riesgos en salud,Proporcion de mujeres con citologia anormal o citologia de triage anormal a quienes se realizo colposcopia y,
biopsia,ADULTEZ Y VEJEZ ,
Personas con deteccion temprana de alteraciones y riesgos en salud,Proporcion de mujeres con citologia cervicouterina anormal citologia de triage anormal o t‚cnicas de inspeccion visual positiva remitidas que cumplen el estÿndar de 30 dias para la toma de colposcopia y/o,
biopsia,ADULTEZ Y VEJEZ ,
Personas con deteccion temprana de alteraciones y riesgos en salud,Oportunidad en la confirmacion diagnostica de las lesiones precancerosas o cÿncer infiltrante del cuello uterino,ADULTEZ Y VEJEZ 
Personas con deteccion temprana de alteraciones y riesgos en salud,Proporcion de mujeres entre 30 y 50 a¤os positivas a la inspeccion visual con ÿcido ac‚tico y lugol que recibieron tratamiento inmediato con m‚todo ablativo o de escision,ADULTEZ 
Personas con deteccion temprana de alteraciones y riesgos en salud,Proporcion de mujeres entre 40 y 69 a¤os tamizadas con examen clinico de la mama en el ultimo a¤o,ADULTEZ Y VEJEZ 
Personas con deteccion temprana de alteraciones y riesgos en salud,Proporcion de mujeres entre 50 y 69 a¤os tamizadas para cÿncer de mama,
con mamografia en los ultimos dos a¤os,ADULTEZ Y VEJEZ ,
Personas con deteccion temprana de alteraciones y riesgos en salud,Proporcion  de  mujeres  con mamografia reportada como Birards 4 o mÿs que cumplen con el estÿndar,
de 30 dias para la entrega de resultados de biopsia,ADULTEZ Y VEJEZ ,
Personas con deteccion temprana de alteraciones y riesgos en salud,Oportunidad  en  la  confirmacion diagnostica del cÿncer de mama,JUVENTUD -ADULTEZ 
Personas con deteccion temprana de alteraciones y riesgos en salud,Proporcion de hombres mayores de 50 a¤os con tamizaje de oportunidad para cÿncer de prostata (Antigenos Sanguineos Prostÿticos (PSA) y tacto rectal combinado),ADULTEZ 
Personas con deteccion temprana de alteraciones y riesgos en salud,Proporcion de hombres con pruebas,
de tamizaje anormal a quienes se les realizo biopsia de prostata,ADULTEZ ,
Personas con deteccion temprana de alteraciones y riesgos en salud,Oportunidad para la confirmacion diagnostica de cÿncer de prostata,ADULTEZ 
Personas con deteccion temprana de alteraciones y riesgos en salud,Proporcion de hombres menores de 50 a¤os con factores de riesgo que,
fueron tamizados con tacto rectal y PSA,ADULTEZ ,
Personas con deteccion temprana de alteraciones y riesgos en salud,Proporcion de personas entre 50 y 75 a¤os tamizadas para cÿncer de colon y recto (sangre oculta en materia fecal con inmunoquimica segun lo definido en el esquema),ADULTEZ Y VEJEZ 
Personas con deteccion temprana de alteraciones y riesgos en salud,Proporcion de personas mayores de 50 a¤os con test de sangre oculta en materia fecal positivos a los que se,
les realizo colonoscopia,ADULTEZ ,
Personas con deteccion temprana de alteraciones y riesgos en salud,Proporcion de personas entre 50 y 75 a¤os a quienes se realiza colonoscopia de tamizacion para cÿncer de colon y recto en los ultimos,
diez a¤os,ADULTEZ Y VEJEZ ,
Personas con deteccion temprana de alteraciones y riesgos en salud,Oportunidad para la confirmacion diagnostica de cÿncer de colon y recto,ADULTEZ Y VEJEZ
Personas con deteccion temprana de alteraciones y riesgos en salud,Proporcion de personas con tamizaje para riesgo cardiovascular y metabolico,JUVENTUD ADULTEZ Y VEJEZ 
Personas con deteccion temprana de alteraciones y riesgos en salud,Proporcion de personas clasificadas,
segun riesgo cardiovascular y metabolico,JUVENTUD ADULTEZ Y VEJEZ ,
Personas con deteccion temprana de alteraciones y riesgos en salud,Proporcion de personas con resultado positivo en prueba de tamizacion para sifilis,ADOLESCENCIA JUVENTUD  ADULTEZ Y VEJEZ 
Personas con deteccion temprana de alteraciones y riesgos en salud,Proporcion de personas con resultado reactivo en prueba de tamizacion para Hepatitis B,1 VEZ EN CURSO DE VIDA 
Personas con deteccion temprana de alteraciones y riesgos en salud,Proporcion de personas con resultado,
reactivo en prueba de tamizacion para Hepatitis C,1 VEZ EN CURSO DE VIDA ,
Personas con deteccion temprana de alteraciones y riesgos en salud,Proporcion de personas con resultado reactivo en prueba de tamizacion para VIH,ADOLESCENCIA JUVENTUD  ADULTEZ Y VEJEZ 
Personas con deteccion temprana de alteraciones y riesgos en salud,Proporcion de personas cuidadoras con sobrecarga,SOLO AL CUIDADOR 
Personas con deteccion temprana de alteraciones y riesgos en salud,Proporcion de personas de 40 o mÿs a¤os con factores de riesgo para,
EPOC que fueron tamizados,ADULTEZ ,
Personas con deteccion temprana de alteraciones y riesgos en salud,Proporcion de personas de 40 o mÿs a¤os con factores de riesgo para,
EPOC tamizados con resultado positivo para sospecha de EPOC,ADULTEZ ,
Personas con deteccion temprana de alteraciones y riesgos en salud,Proporcion de trabajadores informales abordados desde el PIC con deteccion de riesgos para la salud relacionados con la actividad,
ocupacional,INFANCIA -ADOLESCENCIA ,
Personas con deteccion temprana de alteraciones y riesgos en salud,Proporcion de personas identificadas,
con sospecha de violencia fisica psicologica o sexual,TODOS CURSOS DE VIDA ,
Personas con deteccion temprana de alteraciones y riesgos en salud,Personas con identificacion de riesgos canalizadas a servicios sociales o sanitarios desde el PIC,TODOS CURSOS DE VIDA 
